{
  "last": "Default",
  "backgroundType": "DEFAULT",
  "commonDirType": "DEFAULT",
  "commonpath": "C:\\Users\\24594\\AppData\\Roaming\\.minecraft",
  "hasProxy": false,
  "hasProxyAuth": false,
  "proxyType": "DIRECT",
  "theme": "blue",
  "localization": "def",
  "downloadtype": 1,
  "configurations": {
    "Default": {
      "global": {
        "usesGlobal": false,
        "javaArgs": "",
        "minecraftArgs": "",
        "maxMemory": 2048,
        "permSize": "",
        "width": 854,
        "height": 480,
        "javaDir": "",
        "precalledCommand": "",
        "serverIp": "",
        "java": "",
        "wrapper": "",
        "fullscreen": false,
        "noJVMArgs": false,
        "notCheckGame": false,
        "showLogs": false,
        "gameDir": "",
        "launcherVisibility": 1,
        "gameDirType": 0,
        "defaultJavaPath": ""
      },
      "gameDir": ".minecraft",
      "useRelativePath": true
    },
    "Home": {
      "global": {
        "usesGlobal": false,
        "javaArgs": "",
        "minecraftArgs": "",
        "maxMemory": 2048,
        "permSize": "",
        "width": 854,
        "height": 480,
        "javaDir": "",
        "precalledCommand": "",
        "serverIp": "",
        "java": "",
        "wrapper": "",
        "fullscreen": false,
        "noJVMArgs": false,
        "notCheckGame": false,
        "showLogs": false,
        "gameDir": "",
        "launcherVisibility": 1,
        "gameDirType": 0,
        "defaultJavaPath": ""
      },
      "gameDir": "C:\\Users\\24594\\AppData\\Roaming\\.minecraft",
      "useRelativePath": false
    }
  },
  "accounts": [],
  "selectedAccount": "",
  "fontFamily": "Consolas",
  "fontSize": 12.0,
  "logLines": 100,
  "authlibInjectorServers": [
    {
      "url": "https://auth2.nide8.com:233/28f8f58a8a7f11e88feb525400b59b6a/",
      "name": "浩光域"
    }
  ],
  "_version": 0
}